3000015,Isabella,White,1,Farmer
3000016,Noah,Garcia,2,Engineer
3000017,Olivia,Martinez,3,Teacher
3000018,Liam,Johnson,4,Doctor
3000019,Emma,Smith,5,Artist
3000020,Mason,Anderson,6,Lawyer
3000021,Sophia,Thomas,7,Musician
3000022,William,Wilson,8,Chef
3000023,Amelia,Martinez,9,Architect
3000024,James,Jackson,10,Designer
3000025,Charlotte,Taylor,11,Pilot
3000026,Benjamin,Moore,12,Writer
3000027,Elijah,Davis,13,Scientist
3000028,Abigail,Hernandez,14,Mechanic
3000029,Lucas,Anderson,15,Engineer
3000030,Mia,Taylor,16,Teacher
3000031,Harper,Brown,17,Doctor
3000032,Ethan,White,18,Artist
3000033,Alexander,Johnson,19,Lawyer
3000034,Evelyn,Smith,20,Musician
3000035,Daniel,Wilson,21,Chef